dataset,optimal_gate,optimal_ari,baseline_ari_gate06,ari_delta_vs_baseline,pct_uf_routed_at_optimal,n_clusters_at_optimal
UNSW-NB15,0.4,0.3540532184762677,0.3428642664179678,0.011188952058299895,0.185,1853
Linux_APT,0.75,0.018600078647267,0.0069996067636649,0.011600471883602099,0.5084745762711864,2
NSL-KDD,0.4,0.1994659699486723,0.1757319666101501,0.023734003338522214,0.193,94
