{
  "spearman_r": -0.8394607843137254,
  "p_value": 4.431070530300053e-08,
  "n_observations": 27
}