{
  "spearman_r": -0.8204656862745097,
  "p_value": 1.607616903472882e-07,
  "n_observations": 27
}